,Random Forest,XGBoost,LightGBM,SVM,Logistic Regression,MLPClassifier
Accuracy,0.7915742793791575,0.8337028824833703,0.8403547671840355,0.8292682926829268,0.8093126385809313,0.8203991130820399
