accuracy,classification_report
0.8159645232815964,"{'precision': 0.8620689655172413, 'recall': 0.2403846153846154, 'f1-score': 0.37593984962406013, 'support': 104.0}"
0.8159645232815964,"{'precision': 0.8127962085308057, 'recall': 0.9884726224783862, 'f1-score': 0.8920676202860858, 'support': 347.0}"
0.8159645232815964,0.8159645232815964
0.8159645232815964,"{'precision': 0.8374325870240236, 'recall': 0.6144286189315008, 'f1-score': 0.6340037349550729, 'support': 451.0}"
0.8159645232815964,"{'precision': 0.824158440740538, 'recall': 0.8159645232815964, 'f1-score': 0.7730492430159069, 'support': 451.0}"
