EmoRoBERTa_Emotion,NegoOutcomeLabel
joy,0.8599303135888502
optimism,0.7188498402555911
anger,0.693069306930693
sadness,0.6567901234567901
