EmoRoBERTa_Emotion,NegoOutcomeLabel
sadness,0.6567901234567901
anger,0.693069306930693
optimism,0.7188498402555911
joy,0.8599303135888502
