HuggingFace_Emotion,NegoOutcomeLabel
disgust,0.5
sadness,0.7402135231316725
anger,0.7457627118644068
surprise,0.7733333333333333
fear,0.7808219178082192
