HuggingFace_Emotion,NegoOutcomeLabel
joy,0.8296478296478297
neutral,0.7982456140350878
fear,0.7808219178082192
surprise,0.7733333333333333
anger,0.7457627118644068
