accuracy,classification_report
0.8004434589800443,"{'precision': 0.8181818181818182, 'recall': 0.17307692307692307, 'f1-score': 0.2857142857142857, 'support': 104.0}"
0.8004434589800443,"{'precision': 0.7995337995337995, 'recall': 0.9884726224783862, 'f1-score': 0.884020618556701, 'support': 347.0}"
0.8004434589800443,0.8004434589800443
0.8004434589800443,"{'precision': 0.8088578088578089, 'recall': 0.5807747727776547, 'f1-score': 0.5848674521354933, 'support': 451.0}"
0.8004434589800443,"{'precision': 0.8038340078251387, 'recall': 0.8004434589800443, 'f1-score': 0.7460519741761884, 'support': 451.0}"
