Emotion_Type,NegoOutcomeLabel_x
Negative,0.7558823529411764
Neutral,0.8607594936708861
Positive,0.8796844181459567
