,Random Forest,XGBoost,LightGBM,SVM,Logistic Regression,MLPClassifier
Accuracy,0.7893569844789357,0.8337028824833703,0.844789356984479,0.8270509977827051,0.8048780487804879,0.8292682926829268
